bundle\char\alterna\anims\gen\alterna_fret.milo_ps2	10641	7F03C8EEC24DB791FA8F69363DBE4D44B3839BB7998B2672B0DAFEC2741CE26D
bundle\char\alterna\anims\gen\alterna_main.milo_ps2	1862387	586B49733F5D51805F79B541A26FEB8B591F94177CACF27FBE5B322F65BA13C4
bundle\char\alterna\anims\gen\alterna_strum.milo_ps2	9438	FD0C16F8E4286C1EEE0F21FCEBDDFB5755E4FCD09FE75FCE57935C4656F13E75
bundle\char\alterna\anims\gen\alterna_ui.milo_ps2	30679	CEA2C09569BED9A0AE8CA822E5BD10DE084AFD062AB9218907BC35E1122DC5E1
bundle\char\alterna\og\gen\alterna.milo_ps2	857025	8060454F5A500C5CD569ACB2520C9776DBDFDBB128CD2477E227462E7E839264
bundle\char\classic\anims\gen\classic_fret.milo_ps2	9861	AFD9A1247CDA6EFF92D46EA05D4083F83CD1C639F776EAAD8CCFB89206FD44D8
bundle\char\classic\anims\gen\classic_main.milo_ps2	1778325	65E88AEBC65F26687A1EB9FBC6293FA47031D49466866B93FED792354ACC6D27
bundle\char\classic\anims\gen\classic_strum.milo_ps2	8906	6D3D5AA2DADF8F1A4DBC90BB14BFA2E8149DEA8D65CEE88BF36DDAFE558C5851
bundle\char\classic\anims\gen\classic_ui.milo_ps2	40416	104D00F0F485F8FDEDEBAAB4ECFB29D25809291B94AC2E3FBE053D4E22203539
bundle\char\classic\og\gen\classic.milo_ps2	849269	D1B5A76E5C7B603910A0599B5F3BF4252208A1762C9E15D3F59FDE3D3AFD1116
bundle\char\crowd\anims\gen\crowd_main.milo_ps2	533818	01A731E41BF96C573E8B53DCBD9CCBFAE8FB4DF937548B4C10E4D91291D76FDD
bundle\char\female_singer\anims\gen\female_singer_main.milo_ps2	170623	B7A56598A82AFD804412B48199C721818A068E568A35193989F469DE27F4A754
bundle\char\female_singer\og\gen\female_singer.milo_ps2	325154	DBE8C6E81002874515C6DA076851402FC9A7CC88B3D16C20FA4958E12072202E
bundle\char\gen\char_objects.dtb	46976	5F0403B49438890B27350E3CC29A11C6BEEF7AC34902B130727998949A5A6FB3
bundle\char\grim\anims\gen\grim_fret.milo_ps2	11411	9A7FEB74E4F1280E3A60EA2373B0ABF050779A544AA62BD1C4A7A904712A13E2
bundle\char\grim\anims\gen\grim_main.milo_ps2	1825753	4875F8BC2152A45D96FB59FE1C8AB08581924A1FBFE439CDE5CB5259C5D4600C
bundle\char\grim\anims\gen\grim_strum.milo_ps2	10684	0436064DD856E699EBF4A3A982E466E226E87F5D5D05FBFEEBFCDF11AD6A7C67
bundle\char\grim\anims\gen\grim_ui.milo_ps2	41335	E4D06CB51A5FB39FC2F7B3F9939E9CB13F0FAB375DDC919B3F9BF5C63D023F53
bundle\char\grim\anims\gen\grim_wing.milo_ps2	10581	BA4576D80652B63D7BFF2075604A04082C1F5E25F7731C232FCFAEFDB11A7101
bundle\char\grim\og\gen\grim.milo_ps2	895418	B8E0AA9B44AFBB593851292E2A5CC564AE93EF2C7EE705605CEEBACAF077F27F
bundle\char\hair_metal\anims\gen\hair_fret.milo_ps2	10275	E5832CA964AF6E5789D7E707BDD0635AEF5D17C4A1FD5823CC8B59C1D3686EB8
bundle\char\hair_metal\anims\gen\hair_main.milo_ps2	1843422	ECC32B12E21088F7DA208E8464A15A6670E1260E9A7D29C4FEB65A733B1A327B
bundle\char\hair_metal\anims\gen\hair_strum.milo_ps2	8981	8A79E183F899BE0FFED2696F44F37142A2D48CDE0645508D251AA39750EA3C3C
bundle\char\hair_metal\anims\gen\hair_ui.milo_ps2	69502	90344C0D933B023794CA690118C197CFE77B6BF0F7EA23A4A1C28533F8C4311E
bundle\char\hair_metal\og\gen\hair_metal.milo_ps2	864670	847AA1DBE5E9E16C280D476AC367B77651A9D4C2ABF2F8C36CDC43961DE49A72
bundle\char\hiphop\anims\gen\hiphop_fret.milo_ps2	10706	EF3C79416A27B3C52ED1F613AE23FB3AA2698E39AE4C125957AE8DC729740DA0
bundle\char\hiphop\anims\gen\hiphop_main.milo_ps2	2097713	CE7FF3146403E602D889636860457FC768786261B76B99AD5F3ABBEB29EB83B3
bundle\char\hiphop\anims\gen\hiphop_strum.milo_ps2	9639	D99979881929092CB848FF4EC5979EF8D585ECCE4D2326C6AB970E71FAF7D1D7
bundle\char\hiphop\anims\gen\hiphop_ui.milo_ps2	44480	A3C2EFFC81490FC4817F603EC54D83BA7DCE8BD07A3DC85B529767AAC22264CE
bundle\char\hiphop\og\gen\hiphop.milo_ps2	823336	DC6EEA6F732EECF4F7113F47152B0B0F745F97BFD0EE4F0E06F620C3A552C49A
bundle\char\metal\anims\gen\metal_fret.milo_ps2	10007	E1C9093B6C2228CB8373CDD76F7DCE4CCBCB4E00BFBC4EA169A5A1E113BB14D9
bundle\char\metal\anims\gen\metal_main.milo_ps2	1746737	EB7DEF1514B827BA267AEC0A6787A5DDE79A52CD14F3ABD1D15D2B008D3A86A6
bundle\char\metal\anims\gen\metal_strum.milo_ps2	8807	BCFF7F496FD09E584D493DEBA67879D09642BDBD0782E823F96B0B904C1005B6
bundle\char\metal\anims\gen\metal_ui.milo_ps2	63662	82E78DB66ECE7DE52DEF7B8CE6982867BDA75D55E67CDB3C71D47FC05A53A2A6
bundle\char\metal\og\gen\metal.milo_ps2	803171	374E87D34D47830EF96B03B8F9F50EB537A40048DAA05B959A870B39D9DB6E63
bundle\char\metal_bass\anims\gen\metal_bass_main.milo_ps2	217579	D6B2895EA8E0855647ECE1AA904DAA71FB10540690F9A0E0D871BE1E85FCA93D
bundle\char\metal_bass\og\gen\metal_bass.milo_ps2	257076	BBA1B801536A6EEF75424270CACB21B2869C1F575A29D710A9772EFD0F7BD6B5
bundle\char\metal_drummer\anims\gen\metal_drummer_main.milo_ps2	205751	4423478A59A23243F4BD0168B5D063A314A379C51670364C39382BAD6EC391B7
bundle\char\metal_drummer\og\gen\metal_drummer.milo_ps2	195473	ECED0F3DABE1588B19E1D91CF8B9BEC29E1094936D734562CE53ED8DD86630F2
bundle\char\metal_keyboard\anims\gen\metal_keyboard_main.milo_ps2	146228	D7AFCE0267AC853CA703FA39D981D2F59C6F8D79E1CE43D888ECF46E2E21C5C0
bundle\char\metal_keyboard\og\gen\metal_keyboard.milo_ps2	217545	8AFD2D9C4203D0C9AE62C1DC56DDA10CDE976FA96A1BF1F963A1223952C75E52
bundle\char\metal_singer\anims\gen\metal_singer_main.milo_ps2	197397	9570E73ED9BACBD1D93EC74BAF55957B2BC6B897B56F4EB1103420A9F53570E4
bundle\char\metal_singer\og\gen\metal_singer.milo_ps2	291253	3702657DF02AC57D798D0106863EC12E17E0E0D45883786E352EE7EDCECC156E
bundle\char\nu_metal\anims\gen\nu_metal_fret.milo_ps2	10693	DB97F9F650010A128BCA7F85379AE2FCE8507761839F2882A62ADCFF94E9F623
bundle\char\nu_metal\anims\gen\nu_metal_main.milo_ps2	2060082	C4639F41AF424E2BBCC32780E3FAB4508BBFB86C2E47C891FDFECE3FA47F3AEA
bundle\char\nu_metal\anims\gen\nu_metal_strum.milo_ps2	9859	7E8287F912E23C7CBE7E811C3CFED63247AD2786C1770612E64F96F6CF2D9954
bundle\char\nu_metal\anims\gen\nu_metal_ui.milo_ps2	55558	FF02A3187FA479421D00A486A72E6008A66954D91D1A1D97BFB8DA2933688177
bundle\char\nu_metal\og\gen\nu_metal.milo_ps2	817524	810E2385B5C4F13AE6184B612D2D8558C48AB292503C19E70E54C8E9013F5E54
bundle\char\punk\anims\gen\punk_fret.milo_ps2	9487	A0A41E010E5CC4369B017EE1687036B75D077383D8A3E388C50527D4D98445FB
bundle\char\punk\anims\gen\punk_main.milo_ps2	1663858	9CCFB84606A82FDB1BF91886EEDD56A2870102845B23076833AC3D6B869DEFB3
bundle\char\punk\anims\gen\punk_strum.milo_ps2	9466	DA3001A731F8969C7F8EDC6CBCA6871F7373515D078FF8240BCDC9484D228294
bundle\char\punk\anims\gen\punk_ui.milo_ps2	43836	E9607D828AF9160EBA97ABF976E04BA23B9F86A7A6DF83BC11A0D0D906BEAA57
bundle\char\punk\og\gen\punk.milo_ps2	868448	CBD51862C90AD9E88D3AFE147B08ABFD3DB8FC15CDB9C7A0C1041B466204853E
bundle\config\gen\midi_parsers.dtb	20335	54D25DB7C80A06D0A0FC69CEA5A2B4FD71FB392E5906AFAD648819BF49D02C5E
bundle\gh1-character-bundle.tsv	5229	4BD6870AAE75530539A36BCB49BE9BF79112A6D496688B09B1DB6BD375B6A0F7
bundle\gh1-venue-bundle.tsv	5279	6E350AA5EA01B2A724EEF901D5F1D9E151D94EF762019BA41C6018C8218844D3
bundle\system\run\milo\gen\rnd_objects.dtb	51346	94647B31543382AA408CC5EF0F5D2E94B99E0ABA578A651F60C3AF499DFC8CE2
bundle\world\gh1_arena\gen\campaths.milo_ps2	10743	02515043461FACB0776D1CF257D2E5B9AB1A6F387D6A11549027E3148EB3025E
bundle\world\gh1_arena\gen\gh1_arena.bnk	1419	F31C4E962A99A75C90EDF4221F042220E72DCCC23E5C8FFF1FF3A704E6778378
bundle\world\gh1_arena\gen\gh1_arena.dtb	51416	E9948488B0B95487FBA8A6B09D8BBDC1CE6E99A4C062471F4866C1F0318A49F1
bundle\world\gh1_arena\gen\gh1_arena.milo_ps2	1958296	874A5E79D28E4448AA428C975DE8C40943D13BC07BD986FD28789F14659EA971
bundle\world\gh1_arena\gen\gh1_arena.nse	760512	AC8EDBC9D495DC2700C110E804ED14ED61898933EB6B472DEE4BCD81B33B5715
bundle\world\gh1_arena\gen\gh1_arena.seq	1267	525B27499D76FBADC8C47F9A345737F527847E32740938B5F60FEEE2B5040A84
bundle\world\gh1_arena\gen\lighting.milo_ps2	98860	B7D00E70EBBD11F788A825614685A826059FF769AE3BDD6CB54936DC50E6C0A9
bundle\world\gh1_basement\gen\campaths.milo_ps2	12823	E6624B9FB67B1183E344F2337A94C687D59DE29C523166AFA6B5CE8D8DC781DE
bundle\world\gh1_basement\gen\crowd.milo_ps2	6182	49A0880E3BF530924D6100142CAD6999922D357873946C37C8D804F8E0AC63A5
bundle\world\gh1_basement\gen\gh1_basement.bnk	1347	CE048B2D428D132D34E9E6657C2D0CE632077D518A090DAB40C624D342D3E671
bundle\world\gh1_basement\gen\gh1_basement.dtb	37514	201564B9477142BE7D81245FB07E22BB70D1465B0E6D664B6753D7E64C1B2CAC
bundle\world\gh1_basement\gen\gh1_basement.milo_ps2	690936	46F1CC03D2130A255FE8A036DDA26131EF705A9CF2AB4D1B1F418D47A98A241B
bundle\world\gh1_basement\gen\gh1_basement.nse	554528	F5E3F4B7D0092ABC81E53615B080F2103D00E904EEC8B604419302B7BC114013
bundle\world\gh1_basement\gen\gh1_basement.seq	1267	26041284811B2A6A59CED4C43B44F5C0FD53EC4236D182E700703B5AEAA963EF
bundle\world\gh1_basement\gen\lighting.milo_ps2	186445	E34CAB7F2E404943E119B39B4D03399B9C6C894EDD9FB223E361E403F6D5E064
bundle\world\gh1_big_club\gen\campaths.milo_ps2	10730	85C6220E098605EC79688DA0A49A440AAA63CE3F82ECBCF43073B5A8C9B515CF
bundle\world\gh1_big_club\gen\gh1_big_club.bnk	1383	28054DE7DF4DE54618CD1972A3BE650CC979D17E57D762B45C1EE93EE66C2203
bundle\world\gh1_big_club\gen\gh1_big_club.dtb	163253	041E6F772FC9203A72BF8CB3229733E031FC7D8F85FDF8CCFC2E566ABA009338
bundle\world\gh1_big_club\gen\gh1_big_club.milo_ps2	556550	2EF12977F0B6BCBDA0130EFFD9F0D561BB6215E43869B91E233AB0B013541C7D
bundle\world\gh1_big_club\gen\gh1_big_club.nse	766192	3E20BA64AD3737B16A9935CD4B6B93B8F9940D479D74B270025EE97A3ACDDD30
bundle\world\gh1_big_club\gen\gh1_big_club.seq	1267	54FD22762092435D69C394562BCF1E6F00F4EE2277587BAEB13EE48EC9135CFF
bundle\world\gh1_big_club\gen\lighting.milo_ps2	152900	D309B5BF6F4DCF7D7D379B107F5E87FEC44DBB7E78DF4BDB79383AB3707CD87B
bundle\world\gh1_big_club\gen\shadowtest.milo_ps2	182301	B2FA65505F3B49AD43F31F89A92371A7423CB37F82DD7E761338440EAA276851
bundle\world\gh1_fest\gen\campaths.milo_ps2	10987	CC9D8E02E7BEC5D983E59CFED7D312B19D6358BB606B941CF6B3F0C2DA4556C5
bundle\world\gh1_fest\gen\crowd.milo_ps2	10944	9958BFA54BAAB15F617E56CFFF2037F19055804C343CAF53BDA446BBDF37D5D4
bundle\world\gh1_fest\gen\gh1_fest.bnk	1383	436702286D30985A99F95C5E7D373A2221864656B5D2AE43BB4E60A1C7C45A3E
bundle\world\gh1_fest\gen\gh1_fest.dtb	122529	462CFA49A491F5F992C6CE04E28B56472A6022EFDD858B40971D15AFF2D61354
bundle\world\gh1_fest\gen\gh1_fest.milo_ps2	1602997	DF104A2123C581EFA0FBC4C5392AA018C0DD62B249BC1396A1EC1852D78680AA
bundle\world\gh1_fest\gen\gh1_fest.nse	688400	35CE58B10F30A5176256E74586CC3F2EE1E0FCE9BD8EF7066A9666DCBD70C7CD
bundle\world\gh1_fest\gen\gh1_fest.seq	1267	759E7793B460290DC27B9D230B579B92A753BA3C7BE4F40EE6BCA6BDF4953EBE
bundle\world\gh1_fest\gen\lighting.milo_ps2	150638	B63213008D15514839690330DA6B6A82BDCCFD85F3F33AF374C34E077902B1BC
bundle\world\gh1_small_club\gen\campaths.milo_ps2	11523	FD9CA7748F8ABCF72C78B0F85A3183456E76A75696A2287004A7532DF84BE88B
bundle\world\gh1_small_club\gen\gh1_small_club.bnk	1383	498A3AD161E596454136D4CB808843F64D01DD443CB14F391510D61B9C7D4411
bundle\world\gh1_small_club\gen\gh1_small_club.dtb	147266	2FE49F1D9D7173FEF754474A4BEFA6285DA025F40FCE38C70906D6615239BEAE
bundle\world\gh1_small_club\gen\gh1_small_club.milo_ps2	636380	B9D53A002F41A33612B56DD6A15DB1829533378CF5672C312C8FC41660A1C2C3
bundle\world\gh1_small_club\gen\gh1_small_club.nse	682304	E34B539822F9DA0A6D0E70A2BAF8450745762A71F1BB73DE442AC8624A8792A5
bundle\world\gh1_small_club\gen\gh1_small_club.seq	1267	54FD22762092435D69C394562BCF1E6F00F4EE2277587BAEB13EE48EC9135CFF
bundle\world\gh1_small_club\gen\hot_white.milo_ps2	13121	91106B2B253319C4C0A31525715A045F6EA7475B09D45332E051AEF59C4E6613
bundle\world\gh1_small_club\gen\lighting.milo_ps2	115892	E3EE569D3E25D960CEBCCA838678FD317CFEF7C53F4430A80A4474177F12C978
bundle\world\gh1_small_club_multi\gen\campaths.milo_ps2	11523	FD9CA7748F8ABCF72C78B0F85A3183456E76A75696A2287004A7532DF84BE88B
bundle\world\gh1_small_club_multi\gen\gh1_small_club_multi.bnk	1419	CF369A16B5E8B589CD2DC9B3C73ADC6EB010335796AF292AFE4EC4E119FFBC08
bundle\world\gh1_small_club_multi\gen\gh1_small_club_multi.dtb	142493	298A15198F4873E38E06A9449D85E45B292B25D7AB200B8ADC5CCF761F0B6C8B
bundle\world\gh1_small_club_multi\gen\gh1_small_club_multi.milo_ps2	332974	FEABD9CC1A67AE8E914DFEA8053CD3F9A24DD098BFC9F53D8FC863FA8AFD8655
bundle\world\gh1_small_club_multi\gen\gh1_small_club_multi.nse	682304	E34B539822F9DA0A6D0E70A2BAF8450745762A71F1BB73DE442AC8624A8792A5
bundle\world\gh1_small_club_multi\gen\gh1_small_club_multi.seq	1267	055A7479F68716EA36AC98BAB238FD040C0805F9008BE2CBF5F4A9E2E64DD5A4
bundle\world\gh1_small_club_multi\gen\lighting.milo_ps2	103379	FFCE5612F7018B4D3379F570906F859C9D7B9D7A2A0F47EE61474F8ADB563668
bundle\world\gh1_theatre\gen\campaths.milo_ps2	10701	97E4175C736D29918142782EA855748169E84F3B04064D8DE3EE7E7553F38BE0
bundle\world\gh1_theatre\gen\crowd.milo_ps2	9103	488665C12ADE1AE38BF357FC8AA94381E82D6CA183EBD97D9759BFA62F5B4DF8
bundle\world\gh1_theatre\gen\gh1_theatre.bnk	1383	35683A137230DC5C7C71B321017B23BC163B2C1AA46CD6A4C868F4700A7394DC
bundle\world\gh1_theatre\gen\gh1_theatre.dtb	149831	B2A28A77CBC6543ADB29416668B82DBBE54E8B8078E97AE1DFD68EB3D0C7D504
bundle\world\gh1_theatre\gen\gh1_theatre.milo_ps2	954247	7B662C7348C50A9CDD7FF08BE04854BB19749A577419368CE02FAF84820DAF8D
bundle\world\gh1_theatre\gen\gh1_theatre.nse	742032	FBCF5B3256ED5304090404EE778B4DFFF2666149D1F71C28EB1D1BA047ABD367
bundle\world\gh1_theatre\gen\gh1_theatre.seq	1267	63B53D258FBD75F6C26A5BBD46D1CAE6D362C56C4C3860E1F9E540057416D7FD
bundle\world\gh1_theatre\gen\lighting.milo_ps2	146535	2506CF419E61B917CF6C0D6CA34BE59F876DF0A0DA9A442FB1BF623611C222BE
gh1-character-models\alterna.milo_ps2	857025	8060454F5A500C5CD569ACB2520C9776DBDFDBB128CD2477E227462E7E839264
gh1-character-models\classic.milo_ps2	849269	D1B5A76E5C7B603910A0599B5F3BF4252208A1762C9E15D3F59FDE3D3AFD1116
gh1-character-models\female_singer.milo_ps2	325154	DBE8C6E81002874515C6DA076851402FC9A7CC88B3D16C20FA4958E12072202E
gh1-character-models\grim.milo_ps2	895418	B8E0AA9B44AFBB593851292E2A5CC564AE93EF2C7EE705605CEEBACAF077F27F
gh1-character-models\hair_metal.milo_ps2	864670	847AA1DBE5E9E16C280D476AC367B77651A9D4C2ABF2F8C36CDC43961DE49A72
gh1-character-models\hiphop.milo_ps2	823336	DC6EEA6F732EECF4F7113F47152B0B0F745F97BFD0EE4F0E06F620C3A552C49A
gh1-character-models\metal.milo_ps2	803171	374E87D34D47830EF96B03B8F9F50EB537A40048DAA05B959A870B39D9DB6E63
gh1-character-models\metal_bass.milo_ps2	257076	BBA1B801536A6EEF75424270CACB21B2869C1F575A29D710A9772EFD0F7BD6B5
gh1-character-models\metal_drummer.milo_ps2	195473	ECED0F3DABE1588B19E1D91CF8B9BEC29E1094936D734562CE53ED8DD86630F2
gh1-character-models\metal_keyboard.milo_ps2	217545	8AFD2D9C4203D0C9AE62C1DC56DDA10CDE976FA96A1BF1F963A1223952C75E52
gh1-character-models\metal_singer.milo_ps2	291253	3702657DF02AC57D798D0106863EC12E17E0E0D45883786E352EE7EDCECC156E
gh1-character-models\nu_metal.milo_ps2	817524	810E2385B5C4F13AE6184B612D2D8558C48AB292503C19E70E54C8E9013F5E54
gh1-character-models\punk.milo_ps2	868448	CBD51862C90AD9E88D3AFE147B08ABFD3DB8FC15CDB9C7A0C1041B466204853E
gh1-character-packages\alterna_fret.milo_ps2	10641	7F03C8EEC24DB791FA8F69363DBE4D44B3839BB7998B2672B0DAFEC2741CE26D
gh1-character-packages\alterna_main.milo_ps2	1862387	586B49733F5D51805F79B541A26FEB8B591F94177CACF27FBE5B322F65BA13C4
gh1-character-packages\alterna_strum.milo_ps2	9438	FD0C16F8E4286C1EEE0F21FCEBDDFB5755E4FCD09FE75FCE57935C4656F13E75
gh1-character-packages\alterna_ui.milo_ps2	30679	CEA2C09569BED9A0AE8CA822E5BD10DE084AFD062AB9218907BC35E1122DC5E1
gh1-character-packages\classic_fret.milo_ps2	9861	AFD9A1247CDA6EFF92D46EA05D4083F83CD1C639F776EAAD8CCFB89206FD44D8
gh1-character-packages\classic_main.milo_ps2	1778325	65E88AEBC65F26687A1EB9FBC6293FA47031D49466866B93FED792354ACC6D27
gh1-character-packages\classic_strum.milo_ps2	8906	6D3D5AA2DADF8F1A4DBC90BB14BFA2E8149DEA8D65CEE88BF36DDAFE558C5851
gh1-character-packages\classic_ui.milo_ps2	40416	104D00F0F485F8FDEDEBAAB4ECFB29D25809291B94AC2E3FBE053D4E22203539
gh1-character-packages\crowd_main.milo_ps2	533818	01A731E41BF96C573E8B53DCBD9CCBFAE8FB4DF937548B4C10E4D91291D76FDD
gh1-character-packages\female_singer_main.milo_ps2	170623	B7A56598A82AFD804412B48199C721818A068E568A35193989F469DE27F4A754
gh1-character-packages\grim_fret.milo_ps2	11411	9A7FEB74E4F1280E3A60EA2373B0ABF050779A544AA62BD1C4A7A904712A13E2
gh1-character-packages\grim_main.milo_ps2	1825753	4875F8BC2152A45D96FB59FE1C8AB08581924A1FBFE439CDE5CB5259C5D4600C
gh1-character-packages\grim_strum.milo_ps2	10684	0436064DD856E699EBF4A3A982E466E226E87F5D5D05FBFEEBFCDF11AD6A7C67
gh1-character-packages\grim_ui.milo_ps2	41335	E4D06CB51A5FB39FC2F7B3F9939E9CB13F0FAB375DDC919B3F9BF5C63D023F53
gh1-character-packages\grim_wing.milo_ps2	10581	BA4576D80652B63D7BFF2075604A04082C1F5E25F7731C232FCFAEFDB11A7101
gh1-character-packages\hair_fret.milo_ps2	10275	E5832CA964AF6E5789D7E707BDD0635AEF5D17C4A1FD5823CC8B59C1D3686EB8
gh1-character-packages\hair_main.milo_ps2	1843422	ECC32B12E21088F7DA208E8464A15A6670E1260E9A7D29C4FEB65A733B1A327B
gh1-character-packages\hair_strum.milo_ps2	8981	8A79E183F899BE0FFED2696F44F37142A2D48CDE0645508D251AA39750EA3C3C
gh1-character-packages\hair_ui.milo_ps2	69502	90344C0D933B023794CA690118C197CFE77B6BF0F7EA23A4A1C28533F8C4311E
gh1-character-packages\hiphop_fret.milo_ps2	10706	EF3C79416A27B3C52ED1F613AE23FB3AA2698E39AE4C125957AE8DC729740DA0
gh1-character-packages\hiphop_main.milo_ps2	2097713	CE7FF3146403E602D889636860457FC768786261B76B99AD5F3ABBEB29EB83B3
gh1-character-packages\hiphop_strum.milo_ps2	9639	D99979881929092CB848FF4EC5979EF8D585ECCE4D2326C6AB970E71FAF7D1D7
gh1-character-packages\hiphop_ui.milo_ps2	44480	A3C2EFFC81490FC4817F603EC54D83BA7DCE8BD07A3DC85B529767AAC22264CE
gh1-character-packages\metal_bass_main.milo_ps2	217579	D6B2895EA8E0855647ECE1AA904DAA71FB10540690F9A0E0D871BE1E85FCA93D
gh1-character-packages\metal_drummer_main.milo_ps2	205751	4423478A59A23243F4BD0168B5D063A314A379C51670364C39382BAD6EC391B7
gh1-character-packages\metal_fret.milo_ps2	10007	E1C9093B6C2228CB8373CDD76F7DCE4CCBCB4E00BFBC4EA169A5A1E113BB14D9
gh1-character-packages\metal_keyboard_main.milo_ps2	146228	D7AFCE0267AC853CA703FA39D981D2F59C6F8D79E1CE43D888ECF46E2E21C5C0
gh1-character-packages\metal_main.milo_ps2	1746737	EB7DEF1514B827BA267AEC0A6787A5DDE79A52CD14F3ABD1D15D2B008D3A86A6
gh1-character-packages\metal_singer_main.milo_ps2	197397	9570E73ED9BACBD1D93EC74BAF55957B2BC6B897B56F4EB1103420A9F53570E4
gh1-character-packages\metal_strum.milo_ps2	8807	BCFF7F496FD09E584D493DEBA67879D09642BDBD0782E823F96B0B904C1005B6
gh1-character-packages\metal_ui.milo_ps2	63662	82E78DB66ECE7DE52DEF7B8CE6982867BDA75D55E67CDB3C71D47FC05A53A2A6
gh1-character-packages\nu_metal_fret.milo_ps2	10693	DB97F9F650010A128BCA7F85379AE2FCE8507761839F2882A62ADCFF94E9F623
gh1-character-packages\nu_metal_main.milo_ps2	2060082	C4639F41AF424E2BBCC32780E3FAB4508BBFB86C2E47C891FDFECE3FA47F3AEA
gh1-character-packages\nu_metal_strum.milo_ps2	9859	7E8287F912E23C7CBE7E811C3CFED63247AD2786C1770612E64F96F6CF2D9954
gh1-character-packages\nu_metal_ui.milo_ps2	55558	FF02A3187FA479421D00A486A72E6008A66954D91D1A1D97BFB8DA2933688177
gh1-character-packages\punk_fret.milo_ps2	9487	A0A41E010E5CC4369B017EE1687036B75D077383D8A3E388C50527D4D98445FB
gh1-character-packages\punk_main.milo_ps2	1663858	9CCFB84606A82FDB1BF91886EEDD56A2870102845B23076833AC3D6B869DEFB3
gh1-character-packages\punk_strum.milo_ps2	9466	DA3001A731F8969C7F8EDC6CBCA6871F7373515D078FF8240BCDC9484D228294
gh1-character-packages\punk_ui.milo_ps2	43836	E9607D828AF9160EBA97ABF976E04BA23B9F86A7A6DF83BC11A0D0D906BEAA57
